City,Cloudiness,Country,Date,Humidity,Lat,Lng,Max Temp,Wind Speed
Pevek,0,RU,1573850718,55,69.7,170.27,8.38,3.71
Castro,40,CL,1573850683,59,-42.48,-73.76,62.6,10.29
Tura,79,RU,1573850692,100,64.27,100.22,-28.52,1.48
Tasiilaq,70,GL,1573850693,86,65.61,-37.64,33.8,1.12
Hermanus,86,ZA,1573850694,85,-34.42,19.24,66.99,1.99
Punta Arenas,20,CL,1573850683,47,-53.16,-70.91,55.4,24.16
Kapaa,75,US,1573850683,78,22.08,-159.32,80.6,8.05
Bredasdorp,100,ZA,1573850684,77,-34.53,20.04,68.0,4.7
Madoc,75,CA,1573850962,69,43.71,-79.75,39.2,11.41
Rio Grande,40,BR,1573850720,54,-32.03,-52.1,78.8,5.82
Cabo San Lucas,5,MX,1573850474,54,22.89,-109.91,86.0,16.11
Albany,90,US,1573850402,74,42.65,-73.75,46.99,12.75
Atuona,4,PF,1573850713,72,-9.8,-139.03,80.29,12.64
Iaciara,100,BR,1573850963,57,-14.1,-46.63,80.92,2.24
Bethel,1,US,1573850408,78,60.79,-161.76,14.0,18.34
Rikitea,100,PF,1573850679,78,-23.12,-134.97,73.11,19.71
Vardo,1,US,1573850826,34,39.62,-77.74,54.0,6.2
Coihaique,40,CL,1573850718,47,-45.58,-72.07,55.4,14.99
Warrensburg,1,US,1573850964,34,38.76,-93.74,55.4,3.18
Mataura,98,NZ,1573850687,92,-46.19,168.86,53.01,1.99
Hailar,0,CN,1573850964,84,49.2,119.7,2.14,8.93
San Ramon,40,NI,1573850825,73,12.92,-85.84,75.2,18.34
Kasamwa,97,TZ,1573850964,79,-2.84,32.42,66.7,4.83
Saint-Philippe,75,CA,1573850825,80,45.36,-73.48,37.0,16.11
Ushuaia,75,AR,1573850679,50,-54.81,-68.31,55.4,4.7
Luau,100,CD,1573850965,96,-10.7,22.23,67.3,3.13
Cidreira,0,BR,1573850718,75,-30.17,-50.22,69.48,17.43
Bluff,0,AU,1573850965,71,-23.58,149.07,73.71,6.89
Oshikango,7,NA,1573850965,17,-17.39,15.89,83.16,9.31
Chara,40,GR,1573850965,87,39.42,22.43,51.8,1.3
Atambua,0,ID,1573850966,77,-9.11,124.89,73.45,2.48
Quatre Cocos,75,MU,1573850823,69,-20.21,57.76,75.2,12.75
Bagdarin,0,RU,1573850966,83,54.44,113.59,-16.37,5.35
Airai,66,TL,1573850830,27,-8.93,125.41,68.95,4.83
Bodden Town,40,KY,1573850966,79,19.28,-81.25,86.0,4.7
Avarua,44,CK,1573850680,78,-21.21,-159.78,80.6,13.87
Qaanaaq,100,GL,1573850720,96,77.48,-69.36,20.68,4.29
Vaini,0,IN,1573850676,95,15.34,74.49,67.19,5.97
Iqaluit,75,CA,1573850851,57,63.75,-68.52,19.4,4.7
Thompson,75,CA,1573850695,60,55.74,-97.86,5.0,6.93
Naze,100,NG,1573850815,93,5.43,7.07,76.44,3.15
Nanortalik,83,GL,1573850807,71,60.14,-45.24,32.13,16.64
Belmonte,5,PT,1573850968,91,40.36,-7.35,43.0,4.21
Jamestown,35,AU,1573850707,80,-33.21,138.6,50.13,7.76
Carnarvon,0,ZA,1573850716,28,-30.97,22.13,68.27,11.63
Lebu,75,ET,1573850710,67,8.96,38.73,59.0,5.82
Pale,75,BA,1573850969,44,43.81,18.57,60.8,18.34
Cacador,2,BR,1573850969,70,-26.78,-51.02,66.49,3.83
Georgetown,40,GY,1573850839,70,6.8,-58.16,87.8,6.93
Cape Town,20,ZA,1573850686,82,-33.93,18.42,66.99,19.46
San Patricio,0,PY,1573850830,48,-26.98,-56.83,77.59,8.3
Rahon,92,FR,1573850970,92,47.32,6.59,36.0,1.68
Natal,20,BR,1573850665,74,-5.81,-35.21,80.6,17.22
Tuatapere,100,NZ,1573850971,92,-46.13,167.69,53.01,1.99
Portland,20,US,1573850722,34,43.66,-70.25,48.2,5.82
Chulman,100,RU,1573850972,94,56.84,124.9,-15.95,9.17
Kaitangata,100,NZ,1573850676,79,-46.28,169.85,59.0,4.0
Cherskiy,99,RU,1573850694,85,68.75,161.3,7.88,0.07
Krasnoarmeysk,100,RU,1573850973,80,56.12,38.15,35.6,8.95
Hithadhoo,26,MV,1573850681,74,-0.6,73.08,82.04,6.2
Mar del Plata,0,AR,1573850607,15,-46.43,-67.52,69.46,41.65
Kaeo,2,NZ,1573850973,100,-35.1,173.78,69.01,12.64
Hobart,75,AU,1573850406,61,-42.88,147.33,50.0,19.46
Nizwa,0,OM,1573850973,42,22.93,57.53,61.47,4.68
Chokurdakh,91,RU,1573850702,97,70.62,147.9,-2.52,4.85
Hasaki,0,JP,1573850841,93,35.73,140.83,42.8,2.24
Dikson,0,RU,1573850676,93,73.51,80.55,-1.71,7.87
Port Alfred,85,ZA,1573850697,92,-33.59,26.89,64.0,1.99
Bilma,0,NE,1573850844,21,18.69,12.92,71.11,0.69
Bambous Virieux,75,MU,1573850706,69,-20.34,57.76,75.2,12.75
San Rafael,60,AR,1573850560,18,-34.61,-68.33,90.1,11.16
Ipixuna,75,BR,1573850975,79,-1.76,-48.8,84.2,12.75
Heidenheim,75,DE,1573850975,93,49.02,10.74,42.01,2.24
Tuktoyaktuk,40,CA,1573850802,76,69.44,-133.03,-9.4,8.05
Port Keats,33,AU,1573850975,82,-14.25,129.55,81.0,6.78
Dhidhdhoo,57,MV,1573850862,75,6.88,73.1,82.85,8.25
Yamada,75,JP,1573850976,87,36.58,137.08,51.01,10.29
Hami,100,CN,1573850825,38,42.84,93.51,35.78,15.52
Waipawa,100,NZ,1573850976,64,-39.94,176.59,64.0,13.0
Lorengau,16,PG,1573850691,74,-2.02,147.27,82.58,6.76
Esperance,83,AU,1573850692,87,-33.86,121.89,51.8,8.05
Half Moon Bay,40,US,1573850827,77,37.46,-122.43,72.0,8.05
Norman Wells,75,CA,1573850697,76,65.28,-126.83,-4.0,17.22
Kichera,35,RU,1573850977,76,55.93,110.1,-15.86,6.55
Aksarka,100,RU,1573850696,94,66.56,67.8,5.68,18.16
Kahului,20,US,1573850467,58,20.89,-156.47,84.2,4.7
Elektrostal,100,RU,1573850900,100,55.79,38.44,35.6,6.71
Provideniya,100,RU,1573850694,94,64.42,-173.23,19.4,14.63
Matara,75,BI,1573850977,86,-3.48,29.48,58.53,4.68
Dunda,100,IN,1573850682,35,30.62,78.32,52.72,5.1
Hilo,1,US,1573850681,58,19.71,-155.08,84.2,6.78
Aden,0,YE,1573850798,73,12.79,45.03,78.33,11.7
High Level,90,CA,1573850841,100,58.52,-117.13,12.2,3.36
New Norfolk,75,AU,1573850806,66,-42.78,147.06,50.0,19.46
Ponta Delgada,75,PT,1573850978,67,37.73,-25.67,62.6,5.82
Taganak,90,PH,1573850978,94,6.08,118.3,77.0,2.24
Encruzilhada do Sul,0,BR,1573850979,77,-30.54,-52.52,65.25,7.49
Kiama,90,AU,1573850979,93,-34.67,150.86,63.0,5.82
Nemuro,0,JP,1573850979,56,43.32,145.57,35.15,26.08
Balsas,100,BR,1573850979,46,-7.53,-46.04,86.76,3.38
Garoua,100,CM,1573850979,69,9.31,13.39,75.2,3.36
Chicama,75,PE,1573850979,77,-7.84,-79.15,68.0,11.41
La Ronge,90,CA,1573850862,73,55.1,-105.3,21.2,13.87
Ihlow,75,DE,1573850981,93,52.62,14.07,48.99,8.05
Lieksa,81,FI,1573850982,95,63.32,30.02,30.33,4.25
San Carlos de Bariloche,75,AR,1573850982,58,-41.13,-71.31,59.0,29.97
Maceio,100,BR,1573850867,69,-9.67,-35.74,80.6,16.11
Medford,90,US,1573850982,62,42.33,-122.87,60.8,3.36
Turan,0,RU,1573850826,86,52.15,93.92,-12.42,6.64
Siuna,99,NI,1573850983,95,13.73,-84.78,79.41,2.42
Nikolskoye,40,RU,1573850682,86,59.7,30.79,37.4,4.47
Miquelon,75,PM,1573850983,75,47.1,-56.38,42.8,21.92
Yatou,20,CM,1573850860,94,3.63,9.81,78.8,3.83
Busselton,100,AU,1573850675,39,-33.64,115.35,64.0,14.43
Yulara,0,AU,1573850808,12,-25.24,130.99,68.0,10.29
Butaritari,100,KI,1573850826,80,3.07,172.79,80.82,9.04
Dingle,100,PH,1573850984,90,11.0,122.67,74.41,2.19
Kavieng,4,PG,1573850829,73,-2.57,150.8,83.32,8.01
Puerto Ayora,40,EC,1573850691,65,-0.74,-90.35,77.0,19.46
Eureka,75,US,1573850715,63,40.8,-124.16,66.2,10.29
Klaksvik,100,FO,1573850717,64,62.23,-6.59,37.4,11.41
Sorgun,57,TR,1573850985,56,39.81,35.19,49.93,5.12
Barra do Bugres,95,BR,1573850985,92,-15.07,-57.19,77.36,4.61
Sao Filipe,71,CV,1573850804,76,14.9,-24.5,72.57,11.61
Praia da Vitoria,75,PT,1573850985,59,38.73,-27.07,62.6,10.56
Husavik,58,CA,1573850985,59,50.56,-96.99,25.0,8.01
Northam,0,AU,1573850853,49,-31.65,116.67,69.8,9.17
Khatanga,91,RU,1573850710,97,71.98,102.47,-11.97,6.73
Gilgit,100,PK,1573850986,95,35.92,74.31,28.45,4.12
Ucluelet,40,CA,1573850785,87,48.94,-125.55,55.99,11.41
Isangel,74,VU,1573850986,81,-19.55,169.27,73.94,19.48
Colares,20,PT,1573850986,70,38.8,-9.45,51.8,12.75
Fare,33,PF,1573850987,81,-16.7,-151.02,79.65,17.69
Abu Samrah,88,SY,1573850987,48,35.3,37.18,63.77,5.37
Caravelas,53,BR,1573850838,79,-17.73,-39.27,76.82,13.15
Zhangjiakou,0,CN,1573850987,72,40.77,114.88,27.1,3.02
Byron Bay,0,AU,1573850931,83,-28.65,153.62,75.99,14.99
Laurel,1,US,1573850750,43,39.1,-76.85,53.6,4.7
Marinette,1,US,1573850988,56,45.1,-87.63,39.2,11.41
Otane,100,NZ,1573850988,64,-39.89,176.62,64.0,13.0
Severo-Kurilsk,80,RU,1573850687,80,50.68,156.12,21.52,5.01
Coari,54,BR,1573850988,73,-4.09,-63.14,83.25,2.1
Pangnirtung,40,CA,1573850838,79,66.15,-65.72,19.4,6.93
Sitka,0,US,1573850854,27,37.17,-99.65,66.99,14.0
Ponta do Sol,100,BR,1573850701,92,-20.63,-46.0,66.45,0.76
Eydhafushi,74,MV,1573850989,78,5.1,73.07,82.24,14.25
Saldanha,97,PT,1573850848,87,41.42,-6.55,38.12,8.75
Hit,0,IQ,1573850989,26,33.64,42.83,66.36,5.97
Coahuayana,26,MX,1573850844,53,18.62,-100.35,86.07,2.19
Fortuna,75,US,1573850693,63,40.6,-124.16,66.2,10.29
Tongren,100,CN,1573850990,80,27.72,109.18,59.67,0.94
Pavelets,93,RU,1573850990,85,53.79,39.25,32.0,5.99
Chernitsyno,4,RU,1573850990,79,51.51,36.05,37.56,12.57
Aqtobe,0,KZ,1573850986,78,50.28,57.21,17.6,4.25
Te Anau,100,NZ,1573850709,94,-45.41,167.72,47.32,4.16
Zhangye,96,CN,1573850991,19,38.94,100.46,37.87,12.91
Umm Lajj,100,SA,1573850856,65,25.02,37.27,77.11,5.19
Moron,4,HT,1573850991,73,18.56,-74.26,81.48,2.71
Markova,75,RU,1573850991,71,52.21,104.21,5.0,8.95
Tiksi,25,RU,1573850802,99,71.64,128.87,-10.62,1.86
Lima,90,PE,1573850714,73,-12.06,-77.04,69.8,11.41
Itaituba,20,BR,1573850992,62,-4.26,-55.99,89.6,5.82
Guerrero Negro,53,MX,1573850992,47,27.97,-114.04,78.6,15.17
Flin Flon,90,CA,1573850992,66,54.77,-101.88,15.8,10.29
Marzuq,0,YE,1573850705,64,14.4,46.47,64.47,2.1
Richards Bay,0,ZA,1573850848,80,-28.77,32.06,70.99,25.72
Port Hardy,75,CA,1573850709,93,50.7,-127.42,51.8,3.36
Touros,20,BR,1573850851,74,-5.2,-35.46,80.6,14.99
Obihiro,0,JP,1573850993,65,42.92,143.2,25.56,15.3
Xining,68,CN,1573850855,43,36.62,101.77,27.19,0.92
Barrow,99,AR,1573850687,33,-38.31,-60.23,86.92,6.85
Joshimath,100,IN,1573850993,33,30.57,79.57,43.02,7.4
Beringovskiy,100,RU,1573850681,82,63.05,179.32,28.26,27.56
Obo,69,CF,1573850994,84,5.39,26.49,71.76,3.4
Kalabo,100,ZM,1573850994,72,-15.0,22.67,73.9,3.98
Kavaratti,25,IN,1573850832,72,10.57,72.64,81.54,5.37
Arraial do Cabo,90,BR,1573850819,88,-22.97,-42.02,71.6,21.92
Ayan,0,IR,1573850995,58,38.23,44.7,28.15,0.25
Paamiut,83,GL,1573850701,67,61.99,-49.67,30.54,9.73
Saskylakh,79,RU,1573850700,96,71.97,114.09,-13.76,7.11
Faya,40,SA,1573850706,59,18.39,42.45,60.8,5.82
Sao Gabriel da Cachoeira,100,BR,1573850829,71,-0.13,-67.09,84.79,2.04
Huntington,1,US,1573850806,34,40.87,-73.43,52.0,9.17
Filadelfia,0,PY,1573850996,20,-22.35,-60.04,95.68,9.95
Sibolga,100,ID,1573850996,96,1.74,98.78,69.6,2.3
Komsomolskiy,100,RU,1573850869,94,67.55,63.78,5.45,20.13
Hualmay,30,PE,1573850996,66,-11.1,-77.61,69.39,8.99
Ribeira Grande,75,PT,1573850833,67,38.52,-28.7,62.6,8.05
Saint-Pierre,75,FR,1573850713,93,48.95,4.24,39.2,9.17
Jambi,67,ID,1573850997,95,-1.6,103.62,72.82,1.74
Sorland,75,NO,1573850834,86,67.67,12.69,39.2,11.41
Upernavik,100,GL,1573850710,88,72.79,-56.15,23.95,11.79
Mitsamiouli,20,KM,1573850997,65,-11.38,43.28,82.4,2.24
Okotoks,75,CA,1573850998,52,50.72,-113.98,48.99,6.93
Ilulissat,75,GL,1573850698,92,69.22,-51.1,28.4,9.17
Neiafu,40,TO,1573850998,78,-18.65,-173.98,78.8,8.05
Florida,0,UY,1573850811,58,-34.1,-56.21,74.68,3.67
Shahreza,0,IR,1573850998,25,32.01,51.87,34.34,1.83
Torbay,75,CA,1573850804,69,47.66,-52.73,37.0,10.29
Pisco,20,PE,1573850442,30,-13.71,-76.2,71.6,9.17
Samsun,0,TR,1573850999,87,41.29,36.33,51.8,3.36
Otradnoye,40,RU,1573850999,86,59.77,30.8,37.4,4.47
Vila do Maio,40,CV,1573850999,73,15.13,-23.22,75.2,13.87
Aasiaat,100,GL,1573850999,80,68.71,-52.87,28.72,22.28
Turayf,58,SA,1573851000,100,31.68,38.65,55.4,6.93
Port Lincoln,84,AU,1573850682,64,-34.72,135.86,54.55,6.13
Salalah,40,OM,1573851000,61,17.01,54.1,78.8,4.7
Agdas,90,AZ,1573851000,81,40.65,47.48,44.6,4.7
Hastings,36,NZ,1573851000,73,-39.64,176.84,60.35,9.89
Faanui,55,PF,1573850692,81,-16.48,-151.75,79.68,16.4
Wanning,100,AT,1573851001,84,48.64,13.53,52.0,3.2
Havre-Saint-Pierre,90,CA,1573851001,70,50.23,-63.6,32.0,11.41
Awjilah,0,LY,1573851001,39,29.14,21.3,60.75,8.21
Kodiak,1,US,1573850712,35,39.95,-94.76,57.99,9.17
Geraldton,5,CA,1573851002,50,49.72,-86.95,6.8,6.93
Barra,38,GM,1573851002,69,13.49,-16.54,78.8,5.82
Cayenne,2,GF,1573850846,74,4.94,-52.33,80.6,5.82
Progreso,0,UY,1573850714,38,-34.68,-56.22,77.0,8.05
Ganzhou,0,CN,1573851003,58,25.86,114.93,57.78,1.57
Fort Nelson,40,CA,1573850822,78,58.81,-122.69,8.6,2.24
Zhireken,0,RU,1573851003,82,52.82,117.29,-14.37,5.7
Xichang,0,CN,1573851004,93,27.88,102.25,40.28,2.46
Mount Isa,14,AU,1573851004,14,-20.73,139.49,75.2,11.41
Hervey Bay,33,AU,1573850845,78,-25.3,152.85,77.0,10.29
Riberalta,75,BO,1573851005,78,-11.0,-66.08,80.6,4.54
Morgan City,1,US,1573851005,38,29.7,-91.21,62.01,12.75
Sabang,100,PH,1573851005,95,13.8,121.11,75.99,1.59
Oranjemund,44,ZA,1573851006,94,-28.55,16.43,61.5,11.41
Rudnya,0,RU,1573851006,90,50.8,44.56,32.86,9.48
Lianran,8,CN,1573851006,100,24.92,102.47,52.0,8.95
Ceres,84,BR,1573851006,57,-15.31,-49.6,82.24,3.8
Hokitika,100,NZ,1573851006,89,-42.72,170.96,57.78,31.07
Orlik,90,PL,1573850692,100,53.95,17.74,46.0,13.87
San Quintin,100,PH,1573851006,86,17.54,120.52,70.9,4.54
Zemio,24,CF,1573851007,84,5.02,25.13,72.07,3.85
Shaki,44,AM,1573851007,92,39.56,46.0,42.8,11.41
Beira,75,ES,1573851007,81,43.2,-8.36,51.01,13.87
Port Macquarie,40,AU,1573850516,72,-31.43,152.91,68.0,6.93
Petrolina,20,BR,1573851008,16,-9.38,-40.5,96.8,5.82
Rantepao,94,ID,1573851008,90,-2.97,119.9,63.82,2.53
Tessalit,26,ML,1573851008,13,20.2,1.01,68.49,5.59
Vila Franca do Campo,75,PT,1573851009,67,37.72,-25.43,62.6,5.82
Aklavik,75,CA,1573850720,83,68.22,-135.01,-7.6,3.36
Roswell,1,US,1573850950,31,33.39,-104.52,61.0,16.11
Longyearbyen,75,NO,1573851009,84,78.22,15.63,32.0,18.34
Vallenar,0,CL,1573850850,59,-28.58,-70.76,65.77,12.01
Miles City,1,US,1573851009,53,46.41,-105.84,55.0,4.7
Plymouth,40,GB,1573851009,81,50.37,-4.14,46.4,14.99
Lubango,21,AO,1573851010,71,-14.92,13.49,64.78,0.72
Zunyi,100,CN,1573851010,92,27.73,106.92,56.17,4.41
Muroto,0,JP,1573851010,50,33.37,134.14,45.37,5.48
Roros,100,NO,1573851010,100,62.57,11.38,12.2,1.12
Clyde River,40,CA,1573850808,67,70.47,-68.59,19.4,23.04
Sihora,0,IN,1573851011,49,23.49,80.11,61.16,1.92
Biltine,97,TD,1573851011,16,14.53,20.93,81.55,13.13
Hambantota,35,LK,1573850831,79,6.12,81.12,80.96,9.82
Lucapa,100,AO,1573851011,92,-8.42,20.74,69.26,2.06
Port Elizabeth,1,US,1573850809,34,39.31,-74.98,53.01,5.82
Taywarah,56,AF,1573851012,62,33.35,64.42,28.8,3.13
Upington,0,ZA,1573850859,22,-28.46,21.24,65.26,1.77
Wahiawa,20,US,1573850893,83,21.5,-158.02,82.99,5.82
Muros,75,ES,1573851013,100,42.77,-9.06,52.0,2.24
Lavumisa,3,ZA,1573851013,73,-27.31,31.88,71.6,10.29
Russkaya Polyana,0,RU,1573851013,81,53.78,73.88,7.45,7.63
Cradock,0,ZA,1573851013,78,-32.16,25.62,61.5,6.87
Malinovoye Ozero,33,RU,1573851014,85,51.68,79.77,-1.53,4.09
Nizhniy Tsasuchey,0,RU,1573851014,54,50.52,115.13,5.07,1.81
Tabou,73,CI,1573851014,90,4.42,-7.36,75.11,1.57
Zomba,89,MW,1573851014,42,-15.39,35.33,81.84,5.39
Baykalsk,100,RU,1573851014,98,51.52,104.15,1.98,5.44
Srednekolymsk,100,RU,1573851015,96,67.46,153.71,4.6,3.58
Brigantine,1,US,1573851015,34,39.41,-74.36,53.6,3.36
Chuy,10,UY,1573850817,73,-33.69,-53.46,66.38,9.06
Broken Hill,0,AU,1573850837,66,-31.97,141.45,55.4,11.41
Itarema,26,BR,1573850715,75,-2.92,-39.92,78.55,10.58
Lasa,20,CY,1573850824,82,34.92,32.53,69.8,6.93
Leningradskiy,0,RU,1573850699,85,69.38,178.42,18.68,12.97
Khorramshahr,0,IR,1573851016,72,30.43,48.18,68.0,2.24
Salaga,2,GH,1573851016,48,8.55,-0.52,83.41,4.25
Katobu,0,ID,1573851017,87,-4.94,122.53,73.35,3.83
Chapais,90,CA,1573851017,71,49.78,-74.86,5.0,11.41
Ust-Omchug,100,RU,1573851017,97,61.13,149.63,0.39,9.8
Diamantino,92,BR,1573851017,69,-14.4,-56.44,82.98,2.75
Parksville,90,US,1573851017,93,33.79,-82.22,51.8,8.05
Privolzhsk,100,RU,1573851017,85,57.38,41.28,32.88,7.96
Biak,3,ID,1573850846,58,-0.91,122.88,80.73,2.75
Poum,40,MK,1573850808,93,41.28,20.71,42.8,2.24
Puerto Leguizamo,92,CO,1573851018,52,-0.19,-74.78,89.82,3.87
Harper,1,US,1573851018,33,30.3,-99.24,64.0,3.36
San Juan,0,AR,1573851018,17,-31.54,-68.53,96.67,7.07
Mehamn,75,NO,1573850694,84,71.03,27.85,35.6,8.05
Okhotsk,100,RU,1573850827,77,59.36,143.24,23.04,16.15
Along,0,IN,1573851019,89,28.17,94.8,60.01,3.22
Norrtalje,90,SE,1573851019,100,59.76,18.7,44.01,8.05
Ordubad,0,AZ,1573851019,80,38.91,46.02,42.8,11.41
Maxixe,1,MZ,1573851019,75,-23.86,35.35,71.33,8.21
Zhezkazgan,0,KZ,1573850847,42,47.8,67.71,16.29,8.9
Krasnogorsk,100,RU,1573851019,80,55.82,37.34,35.6,8.95
Ahipara,1,NZ,1573851020,100,-35.17,173.16,69.01,12.08
Luderitz,0,NA,1573850801,87,-26.65,15.16,60.8,13.87
Olinda,7,AU,1573851020,81,-37.84,145.39,55.0,10.29
Poputnaya,0,RU,1573851020,8,44.51,41.44,39.0,21.99
Gamba,0,CN,1573850869,50,28.28,88.52,25.27,1.54
Bacolod,100,PH,1573851020,92,10.68,122.95,74.73,2.46
Aguascalientes,40,MX,1573850722,37,21.88,-102.3,68.0,6.93
Mana,13,NG,1573851021,20,13.03,5.27,83.68,6.04
Gat,81,SN,1573850828,73,14.69,-16.54,75.2,9.17
Lavrentiya,31,RU,1573851021,77,65.58,-170.99,25.18,23.71
Bilibino,92,RU,1573851021,59,68.06,166.44,-1.8,2.13
Luz,100,BR,1573850789,88,-19.79,-45.68,69.37,9.69
Miyang,88,CN,1573851022,97,24.4,103.44,53.08,5.68
Burgeo,100,CA,1573851022,79,47.61,-57.61,42.89,29.48
Mildura,33,AU,1573851022,66,-34.18,142.16,51.01,5.82
Honiara,100,SB,1573850697,79,-9.43,159.96,78.21,0.96
Thinadhoo,60,MV,1573850802,74,0.53,72.93,82.49,8.9
Payo,79,ID,1573851023,94,-3.75,103.64,67.03,3.0
Traralgon,90,AU,1573851023,82,-38.19,146.54,51.01,8.01
Sao Joao da Barra,90,BR,1573850856,88,-21.64,-41.05,77.0,4.7
Ancud,40,CL,1573850809,59,-41.87,-73.83,62.6,10.29
Ballina,20,IE,1573851024,93,54.11,-9.15,42.01,3.36
Hamilton,75,CA,1573850468,91,43.26,-79.87,37.4,12.75
La Asuncion,81,AR,1573851024,48,-26.05,-65.39,73.65,4.32
Rocha,0,UY,1573851024,72,-34.48,-54.34,66.09,6.55
Ostrovnoy,72,RU,1573851024,88,68.05,39.51,25.52,22.64
Ahuimanu,40,US,1573851024,69,21.44,-157.84,82.99,6.93
Riyadh,75,SA,1573850900,63,24.63,46.72,64.4,8.41
Lakselv,75,NO,1573851025,97,70.05,24.96,32.0,16.11
Kisangani,99,CD,1573851025,88,0.52,25.21,73.47,0.51
Meybod,0,IR,1573851025,17,32.25,54.02,46.4,9.17
Taoudenni,54,ML,1573850679,19,22.68,-3.98,73.63,5.95
Padang,98,ID,1573850696,94,-0.92,100.36,68.2,1.99
Qostanay,90,KZ,1573851026,85,53.17,63.58,21.2,13.42
Adolfo Ruiz Cortines,5,MX,1573851026,37,25.7,-108.72,91.0,9.17
Gillette,1,US,1573851026,26,44.29,-105.5,62.01,9.17
Aviles,75,ES,1573851027,81,43.55,-5.92,46.4,3.36
Ferkessedougou,85,CI,1573851027,50,9.6,-5.2,80.1,3.09
Rockland,40,CA,1573851028,81,45.55,-75.29,32.0,12.75
Prachuap Khiri Khan,14,TH,1573851028,84,11.81,99.79,76.84,8.63
Hanover,92,DE,1573851028,93,52.37,9.74,43.0,2.24
Nkan,100,CM,1573851028,97,2.95,11.22,70.3,2.08
Deputatskiy,87,RU,1573851029,99,69.3,139.9,-9.26,0.38
Brae,1,GB,1573850822,77,60.4,-1.35,42.8,2.24
Tall Kayf,0,TR,1573851029,28,37.08,41.07,61.5,3.42
Hun,20,BE,1573851029,86,50.34,4.87,39.2,8.05
Coquimbo,20,CL,1573850808,68,-29.95,-71.34,66.2,12.75
Grande Prairie,90,CA,1573851030,80,55.17,-118.79,39.2,13.87
Novoagansk,100,RU,1573851030,95,61.94,76.66,-7.01,10.63
Zomin,100,UZ,1573851030,47,39.96,68.4,43.23,5.08
Mangrol,32,IN,1573851030,47,25.33,76.51,68.29,3.36
Zaranj,49,AF,1573851031,29,30.95,61.86,48.2,9.17
Manzhouli,0,CN,1573851031,75,49.6,117.43,1.13,5.41
Brigham City,1,US,1573851031,28,41.51,-112.02,64.99,7.14
Kruisfontein,0,ZA,1573850721,96,-34.0,24.73,60.35,3.53
Lata,100,IN,1573850860,61,30.78,78.62,23.09,2.06
Soyo,100,AO,1573851032,87,-6.13,12.37,79.2,6.69
Okha,88,RU,1573851032,88,53.59,142.95,2.93,4.16
Erenhot,8,CN,1573851032,47,43.65,111.97,30.6,9.78
Ilmajoki,90,FI,1573851032,100,62.73,22.58,36.0,3.36
Belyy Yar,100,RU,1573851032,63,53.6,91.39,-5.8,6.71
Dunedin,100,NZ,1573850865,63,-45.87,170.5,59.0,8.99
Rundu,96,NA,1573850810,39,-17.91,19.77,84.2,3.36
Tabas,33,IR,1573851033,34,33.6,56.92,51.8,4.7
Codrington,0,AU,1573850803,88,-28.95,153.24,75.99,1.12
Bonavista,98,CA,1573851033,74,48.65,-53.11,36.0,5.01
Berlevag,40,NO,1573850860,72,70.86,29.09,33.8,17.22
Vanavara,0,RU,1573851034,94,60.35,102.28,-26.79,2.24
Mrakovo,75,BA,1573851034,44,43.97,18.28,60.8,18.34
Phalodi,0,IN,1573851034,65,27.13,72.36,67.3,12.33
Careiro da Varzea,75,BR,1573851034,70,-3.2,-59.81,84.2,3.36
Skibotn,75,NO,1573850849,89,69.39,20.27,37.4,10.29
Askiz,100,RU,1573851035,97,53.13,90.53,-6.09,1.52
College,1,US,1573851035,64,64.86,-147.8,6.8,8.05
Almaznyy,0,RU,1573851035,80,48.03,40.04,41.0,24.61
Pitanga,23,BR,1573850909,73,-24.76,-51.76,69.84,5.59
Taltal,36,CL,1573851035,74,-25.41,-70.49,61.63,4.52
Corinth,0,GR,1573851036,82,37.94,22.93,62.01,1.21
Makushino,93,RU,1573851036,84,55.21,67.25,15.93,14.79
Saint-Louis,100,SN,1573850843,73,16.03,-16.5,73.4,4.7
Sangar,94,RU,1573851036,99,63.92,127.47,-18.47,3.8
Parati,40,BR,1573851036,51,-20.51,-54.63,86.0,10.29
Bitkine,0,TD,1573851036,22,11.98,18.21,84.92,5.46
Manggar,71,ID,1573851036,66,-2.88,108.27,82.33,2.3
Lebowakgomo,0,ZA,1573851037,59,-24.3,29.54,69.8,8.05
Zeerust,0,ZA,1573851037,30,-25.54,26.07,71.6,3.36
Monrovia,99,LR,1573851037,82,6.33,-10.8,80.35,8.21
Grand-Lahou,89,CI,1573851037,77,5.24,-5.0,82.2,11.1
Chiredzi,36,ZW,1573851037,59,-21.05,31.67,75.72,5.12
Alice Springs,0,AU,1573850778,15,-23.7,133.88,59.0,6.93
Lumberton,1,US,1573851038,39,30.27,-94.2,64.4,9.17
Ambilobe,16,MG,1573851038,81,-13.19,49.05,78.57,8.97
Sidrolandia,40,BR,1573851038,51,-20.93,-54.96,86.0,10.29
Mahebourg,75,MU,1573850866,69,-20.41,57.7,75.2,12.75
La Maddalena,0,IT,1573851038,93,39.15,9.02,59.0,3.36
Pemba,75,MZ,1573851039,78,-12.97,40.52,80.6,14.99
Am Timan,88,TD,1573851039,27,11.04,20.28,79.11,2.91
Kieta,9,PG,1573850806,74,-6.22,155.63,80.96,2.8
Cottonwood,1,US,1573851039,21,34.74,-112.01,77.0,5.82
Prado,83,CO,1573851040,66,3.75,-74.93,78.82,6.73
Yeppoon,75,AU,1573851040,83,-23.13,150.74,73.4,2.24
Pecos,1,US,1573851040,27,31.42,-103.49,60.8,8.14
Mnogovershinnyy,98,RU,1573851040,88,53.94,139.92,0.54,4.05
Kaputa,51,ZM,1573851040,69,-8.47,29.66,70.68,4.36
Labuhan,99,ID,1573850816,81,-2.54,115.51,72.32,1.5
Rosario do Sul,0,BR,1573851041,70,-30.26,-54.91,69.84,10.63
Boden,0,SE,1573851041,92,65.83,21.69,12.2,3.36
Mahibadhoo,100,MV,1573850803,89,3.78,72.97,78.89,13.71
Sriperumbudur,40,IN,1573851042,88,12.97,79.95,79.0,6.04
Inhambane,1,MZ,1573850719,75,-23.87,35.38,71.33,8.21
Paita,29,PE,1573851043,100,-5.09,-81.11,62.6,10.29
Sao Jose da Coroa Grande,56,BR,1573851043,77,-8.9,-35.15,78.94,17.36
Victoria,75,BN,1573850803,94,5.28,115.24,78.8,2.24
Naberera,82,TZ,1573851043,75,-4.2,36.93,70.57,6.08
Turukhansk,92,RU,1573851043,93,65.8,87.96,-17.52,3.87
Shingu,0,JP,1573851044,60,33.72,135.99,54.14,9.78
Frederikshavn,100,DK,1573851044,92,57.44,10.53,43.0,3.0
Redmond,75,US,1573850984,100,47.67,-122.12,57.2,11.41
Hoa Binh,75,VN,1573851044,94,20.81,105.34,71.6,5.82
Calvinia,0,ZA,1573851044,43,-31.47,19.78,68.09,4.85
Pacific Grove,1,US,1573850608,59,36.62,-121.92,69.01,3.36
Garissa,31,KE,1573850811,61,-0.46,39.64,82.58,7.81
Hongjiang,98,CN,1573851045,80,27.21,109.83,61.75,1.43
Roebourne,0,AU,1573850825,32,-20.77,117.15,76.87,2.95
San Mateo del Mar,0,MX,1573851045,69,16.21,-94.98,78.28,44.98
Mecca,0,SA,1573851001,63,21.43,39.83,77.61,2.66
Zilupe,100,RU,1573851045,88,56.39,28.12,36.72,3.87
Soubre,100,CI,1573851046,97,5.79,-6.61,73.49,2.28
Sweetwater,1,US,1573851046,29,32.47,-100.41,63.0,8.34
Vao,100,EE,1573850716,91,59.1,26.19,35.82,7.49
Havoysund,75,NO,1573850691,78,71.0,24.66,35.6,6.93
Lompoc,1,US,1573850674,59,34.64,-120.46,72.0,11.41
Huarmey,57,PE,1573851047,57,-10.07,-78.15,73.2,8.75
Cockburn Town,75,TC,1573850823,74,21.46,-71.14,82.4,8.05
Maningrida,74,AU,1573851047,91,-12.05,134.23,74.89,4.34
Albenga,40,IT,1573851047,66,44.05,8.22,48.2,10.29
Delft,90,NL,1573850845,93,52.01,4.36,43.0,4.7
Lappeenranta,90,FI,1573851048,80,61.06,28.19,34.0,3.36
Talara,34,PE,1573850817,100,-4.58,-81.27,62.6,10.29
Pompeia,16,BR,1573851048,57,-22.11,-50.17,81.54,8.43
Aranda de Duero,95,ES,1573851048,95,41.67,-3.69,34.75,6.17
Ushtobe,100,KZ,1573851049,60,45.25,77.98,19.9,12.95
Marsa Matruh,0,EG,1573851049,67,31.35,27.25,71.62,13.31
Macapa,20,BR,1573851049,52,0.05,-51.07,91.4,13.87
Tianpeng,41,CN,1573851049,52,28.88,112.34,64.51,5.12
Aksu,0,KZ,1573850841,83,52.04,76.93,-5.8,4.47
Honningsvag,75,NO,1573851049,70,70.98,25.97,35.6,6.93
Lagoa,0,PT,1573851050,57,37.14,-8.45,53.01,10.29
Yerbogachen,100,RU,1573850826,95,61.28,108.01,-21.87,1.66
Kattivakkam,40,IN,1573851050,88,13.22,80.32,79.0,14.36
Vostok,93,RU,1573851051,78,46.45,135.83,4.32,20.69
Cururupu,32,BR,1573851051,69,-1.82,-44.87,80.2,5.66
Trinidad,40,BO,1573851051,66,-14.83,-64.9,86.0,5.77
Hofu,0,JP,1573851051,87,34.05,131.57,48.2,1.12
Kamenka,7,MD,1573851051,93,48.03,28.7,45.0,1.01
Eunice,1,US,1573851052,41,30.49,-92.42,60.01,14.99
Huntingdon,75,GB,1573851052,100,52.33,-0.18,44.01,8.05
Carballo,75,ES,1573851052,100,43.21,-8.69,51.01,2.24
Dicabisagan,100,PH,1573850828,87,17.08,122.42,77.27,16.62
Malatya,12,TR,1573851053,47,38.35,38.32,37.4,3.36
Colac,82,AU,1573851053,97,-38.34,143.59,51.01,4.43
Nome,1,US,1573850813,39,30.04,-94.42,64.4,9.17
Sambava,100,MG,1573851054,96,-14.27,50.17,73.06,1.79
Bichura,96,RU,1573851054,86,50.59,107.6,6.21,5.26
Ndioum,100,SN,1573851054,16,16.51,-14.65,86.74,0.72
San Andres,100,PH,1573851054,91,13.32,122.68,75.38,5.21
Naigarhi,0,IN,1573851055,41,24.78,81.78,66.25,3.13
Miyako,0,JP,1573850839,81,33.63,130.94,48.2,3.36
Juneau,90,US,1573851055,87,58.3,-134.42,46.4,23.04
Changli,100,CN,1573851055,69,30.54,105.42,59.7,2.26
Cumana,20,VE,1573851055,62,10.46,-64.17,87.8,8.7
Sumoto,20,JP,1573851056,81,34.35,134.9,42.8,10.29
Mukhen,100,RU,1573851056,84,48.19,136.14,6.06,15.52
Sioux Lookout,20,CA,1573850760,47,50.1,-91.92,14.0,2.24
Santiago de Chuco,100,PE,1573851056,79,-8.15,-78.17,49.5,7.56
Igarka,98,RU,1573850854,98,67.47,86.57,-21.48,7.36
Curaca,100,BR,1573851057,22,-8.99,-39.91,88.2,2.68
Pitimbu,20,BR,1573850865,74,-7.47,-34.81,80.6,13.87
Zeya,100,RU,1573851057,87,53.74,127.27,-5.01,9.26
Zaraza,94,VE,1573851057,81,9.35,-65.33,81.14,7.47
Vernon,90,CA,1573850764,81,50.27,-119.27,46.4,4.7
Port Blair,83,IN,1573850834,71,11.67,92.75,82.4,1.63
Klamath Falls,90,US,1573851058,54,42.22,-121.78,57.99,3.36
Collierville,1,US,1573851058,39,35.04,-89.66,50.0,11.41
Milkovo,20,BG,1573851058,93,41.53,24.68,62.01,0.92
Alexandria,10,RO,1573850797,97,43.97,25.33,46.0,8.16
Morden,90,CA,1573851058,54,49.19,-98.1,30.2,12.75
Msowero,25,TZ,1573851058,95,-6.53,37.2,67.1,2.24
Santa Maria del Oro,0,MX,1573851059,44,25.95,-105.37,60.71,6.87
Puerto Escondido,20,MX,1573850824,66,15.86,-97.07,87.8,4.92
Sistranda,0,NO,1573851059,65,63.73,8.83,39.0,16.11
Balakovo,0,RU,1573851004,89,52.02,47.82,32.56,6.35
Palmer,40,AU,1573851062,81,-34.85,139.16,53.01,4.7
Ust-Kuyga,99,RU,1573850688,99,70.0,135.55,-18.62,2.68
Mount Gambier,75,AU,1573850664,100,-37.83,140.78,41.0,5.82
Adrar,0,DZ,1573850850,22,27.87,-0.29,75.2,12.75
Walvis Bay,68,NA,1573851063,87,-22.95,14.51,61.0,8.05
Klyuchi,0,RU,1573851063,66,52.25,79.17,2.75,3.89
Tucumcari,1,US,1573851063,23,35.17,-103.73,66.0,19.46
Mayahi,20,NE,1573851064,15,13.95,7.67,84.83,8.75
Saint-Joseph,100,FR,1573850828,87,43.56,6.97,46.4,8.05
Turkan,100,AF,1573851064,89,35.6,68.92,29.19,1.77
Lianzhou,0,CN,1573851064,78,24.79,112.38,56.86,0.45
Banda Aceh,24,ID,1573851064,92,5.56,95.32,73.4,3.98
Umm Kaddadah,2,SD,1573851064,27,13.6,26.69,81.52,11.43
Buncrana,75,GB,1573851064,93,55.14,-7.45,39.2,8.05
Awash,38,ET,1573851065,42,8.99,40.17,70.0,4.63
Boyolangu,99,ID,1573851065,93,-8.09,111.9,71.11,4.38
Irbeyskoye,100,RU,1573851065,81,55.64,95.45,-5.1,8.61
Morant Bay,20,JM,1573850867,66,17.88,-76.41,86.0,8.05
Hofn,100,IS,1573850700,80,64.25,-15.21,45.86,24.02
Saint George,40,GR,1573850709,87,39.45,22.34,51.8,1.3
Saint Anthony,1,US,1573850803,43,43.97,-111.68,53.6,3.36
Howard Springs,20,AU,1573851066,94,-12.5,131.05,80.01,1.3
Lafiagi,100,NG,1573851066,47,8.85,5.42,81.68,1.7
Kuala Terengganu,75,MY,1573851066,94,5.33,103.14,78.8,3.0
The Valley,20,AI,1573851066,65,18.22,-63.06,84.2,10.29
Sisimiut,100,GL,1573850807,85,66.94,-53.67,24.89,17.2
Nantucket,90,US,1573850542,66,41.28,-70.1,51.8,18.34
Te Horo,89,NZ,1573851067,77,-40.81,175.12,64.0,23.04
Broome,75,GB,1573851067,81,52.47,1.45,46.0,9.17
Narsaq,20,GL,1573851067,63,60.91,-46.05,26.6,5.82
Porto Novo,75,BR,1573851068,72,-23.68,-45.44,68.0,4.7
Puerto Suarez,40,BO,1573851068,44,-18.96,-57.8,93.2,5.82
Fort Frances,90,CA,1573851068,57,48.61,-93.4,25.0,6.93
Toyooka,0,JP,1573851068,71,35.55,134.82,42.78,3.8
Rorvik,75,NO,1573851068,93,64.86,11.24,37.4,11.41
Dharampur,94,IN,1573851068,50,30.9,77.02,57.15,4.92
Alugan,100,PH,1573851069,89,12.22,125.48,77.63,8.01
Maniitsoq,100,GL,1573851069,91,65.42,-52.9,28.38,10.29
Talcahuano,75,CL,1573850805,72,-36.72,-73.12,66.2,11.41
Anadyr,40,RU,1573850717,85,64.73,177.51,14.0,11.18
Champerico,75,MX,1573851069,69,16.38,-93.6,77.0,11.41
Eyrarbakki,75,IS,1573851070,74,63.86,-21.15,37.4,16.11
Margate,75,AU,1573850711,61,-43.03,147.26,50.0,19.46
Kanturk,20,IE,1573851070,93,52.18,-8.91,39.2,14.99
Hobyo,1,SO,1573851070,78,5.35,48.53,78.82,14.81
Lazarev,100,RU,1573851070,94,52.23,141.51,4.64,10.29
Saint-Georges,100,CA,1573850815,93,46.12,-70.67,32.0,7.0
San Pedro,14,AR,1573851071,35,-33.68,-59.66,90.0,5.01
Banes,40,CU,1573851071,52,20.96,-75.72,89.6,6.93
Waitara,32,NZ,1573851071,87,-39.0,174.24,63.0,10.0
Aloleng,19,PH,1573851072,86,16.13,119.78,73.76,2.93
Nanga Eboko,79,CM,1573851072,80,4.68,12.37,73.36,2.48
Gimli,58,CA,1573851072,59,50.63,-96.99,25.0,8.01
Ciudad Bolivar,85,VE,1573851072,52,8.12,-63.55,89.35,4.32
Fukue,20,JP,1573851072,76,35.03,136.69,48.2,9.17
Rumoi,100,JP,1573851072,77,43.93,141.67,31.96,38.16
Visby,75,SE,1573851072,100,57.64,18.3,46.99,12.75
Avera,90,US,1573851073,100,33.19,-82.53,51.8,10.29
Ati,46,TD,1573851073,16,13.21,18.34,84.6,5.61
Magadan,100,RU,1573851073,63,59.56,150.8,27.12,29.17
Tateyama,100,JP,1573851073,88,36.66,137.31,51.01,1.99
Ettlingen,100,DE,1573851073,100,48.94,8.4,41.0,1.12
Alofi,20,NU,1573850848,69,-19.06,-169.92,80.6,5.82
Abrau-Dyurso,0,RU,1573851073,75,44.7,37.6,42.8,2.24
Matadi,100,CD,1573851074,88,-5.83,13.46,76.17,5.97
Charters Towers,18,AU,1573851074,78,-20.07,146.27,71.51,8.63
Pierre,1,US,1573851074,57,44.37,-100.35,53.01,3.36
